"","X","surp_p_val","prev_surp_p_val","has_preview_condition","reread_condition","linear","additive_model","context","article_level","filter_type","regime_plot","context_type","exclude_RegimeRepeatedReading","only_RegimeRepeatedReading","Regular","filler_plot"
"1",1,1.06814981861938e-134,1.3400442690778e-22,"Gathering",0,"linear",TRUE,"P","paragraph","exclude_RegimeRepeatedReading",1,"standard_context",1,0,1,1
"2",2,1.76146011431914e-141,8.2628979879237e-24,"Gathering",0,"linear",TRUE,"P","paragraph","exclude_RegimeRepeatedReading",1,"standard_context",1,0,1,1
"3",3,1.28849673478804e-146,1.29353190947022e-22,"Gathering",0,"linear",TRUE,"P","paragraph","exclude_RegimeRepeatedReading",1,"standard_context",1,0,1,1
"4",4,9.41788998644998e-142,1.30380484689722e-26,"Gathering",0,"linear",TRUE,"P","paragraph","exclude_RegimeRepeatedReading",1,"standard_context",1,0,1,1
"5",5,6.81067984527999e-168,2.0142378383767e-19,"Gathering",0,"linear",TRUE,"P","paragraph","exclude_RegimeRepeatedReading",1,"standard_context",1,0,1,1
"6",6,2.32338346595953e-132,7.36464133275294e-21,"Gathering",0,"linear",TRUE,"P","paragraph","exclude_RegimeRepeatedReading",1,"standard_context",1,0,1,1
"7",7,2.69387329244823e-144,2.03389255998423e-24,"Gathering",0,"linear",TRUE,"P","paragraph","exclude_RegimeRepeatedReading",1,"standard_context",1,0,1,1
"8",8,4.69730295784557e-142,9.34753399093709e-21,"Gathering",0,"linear",TRUE,"P","paragraph","exclude_RegimeRepeatedReading",1,"standard_context",1,0,1,1
"9",9,5.32925452955468e-140,9.72237793040282e-21,"Gathering",0,"linear",TRUE,"P","paragraph","exclude_RegimeRepeatedReading",1,"standard_context",1,0,1,1
"10",10,2.51604073556387e-153,3.29688590924042e-19,"Gathering",0,"linear",TRUE,"P","paragraph","exclude_RegimeRepeatedReading",1,"standard_context",1,0,1,1
"11",11,0,0,"Gathering",0,"nonlinear",TRUE,"P","paragraph","exclude_RegimeRepeatedReading",1,"standard_context",1,0,1,1
"12",12,0,0,"Gathering",0,"nonlinear",TRUE,"P","paragraph","exclude_RegimeRepeatedReading",1,"standard_context",1,0,1,1
"13",13,0,0,"Gathering",0,"nonlinear",TRUE,"P","paragraph","exclude_RegimeRepeatedReading",1,"standard_context",1,0,1,1
"14",14,0,0,"Gathering",0,"nonlinear",TRUE,"P","paragraph","exclude_RegimeRepeatedReading",1,"standard_context",1,0,1,1
"15",15,0,0,"Gathering",0,"nonlinear",TRUE,"P","paragraph","exclude_RegimeRepeatedReading",1,"standard_context",1,0,1,1
"16",16,0,0,"Gathering",0,"nonlinear",TRUE,"P","paragraph","exclude_RegimeRepeatedReading",1,"standard_context",1,0,1,1
"17",17,0,0,"Gathering",0,"nonlinear",TRUE,"P","paragraph","exclude_RegimeRepeatedReading",1,"standard_context",1,0,1,1
"18",18,0,0,"Gathering",0,"nonlinear",TRUE,"P","paragraph","exclude_RegimeRepeatedReading",1,"standard_context",1,0,1,1
"19",19,0,0,"Gathering",0,"nonlinear",TRUE,"P","paragraph","exclude_RegimeRepeatedReading",1,"standard_context",1,0,1,1
"20",20,0,0,"Gathering",0,"nonlinear",TRUE,"P","paragraph","exclude_RegimeRepeatedReading",1,"standard_context",1,0,1,1
"21",21,1.31393451631897e-18,0.861132075951701,"Gathering",1,"linear",TRUE,"P","paragraph","exclude_RegimeRepeatedReading",1,"standard_context",1,0,1,1
"22",22,4.25170007391181e-18,0.468679810498281,"Gathering",1,"linear",TRUE,"P","paragraph","exclude_RegimeRepeatedReading",1,"standard_context",1,0,1,1
"23",23,1.98712675124551e-15,0.675312269520773,"Gathering",1,"linear",TRUE,"P","paragraph","exclude_RegimeRepeatedReading",1,"standard_context",1,0,1,1
"24",24,1.47776014834416e-11,0.508533431944809,"Gathering",1,"linear",TRUE,"P","paragraph","exclude_RegimeRepeatedReading",1,"standard_context",1,0,1,1
"25",25,1.23285015344583e-13,0.0111079193530734,"Gathering",1,"linear",TRUE,"P","paragraph","exclude_RegimeRepeatedReading",1,"standard_context",1,0,1,1
"26",26,2.94330930222365e-15,0.270177570252333,"Gathering",1,"linear",TRUE,"P","paragraph","exclude_RegimeRepeatedReading",1,"standard_context",1,0,1,1
"27",27,2.76997101106475e-15,0.766439549210533,"Gathering",1,"linear",TRUE,"P","paragraph","exclude_RegimeRepeatedReading",1,"standard_context",1,0,1,1
"28",28,2.13388156411769e-13,0.780010686897763,"Gathering",1,"linear",TRUE,"P","paragraph","exclude_RegimeRepeatedReading",1,"standard_context",1,0,1,1
"29",29,4.44573032154201e-15,0.154439130885219,"Gathering",1,"linear",TRUE,"P","paragraph","exclude_RegimeRepeatedReading",1,"standard_context",1,0,1,1
"30",30,1.72414506212533e-13,0.00996009113518229,"Gathering",1,"linear",TRUE,"P","paragraph","exclude_RegimeRepeatedReading",1,"standard_context",1,0,1,1
"31",31,0,0.12485321073434,"Gathering",1,"nonlinear",TRUE,"P","paragraph","exclude_RegimeRepeatedReading",1,"standard_context",1,0,1,1
"32",32,0,0.00194219296843845,"Gathering",1,"nonlinear",TRUE,"P","paragraph","exclude_RegimeRepeatedReading",1,"standard_context",1,0,1,1
"33",33,0,0.000117812890709501,"Gathering",1,"nonlinear",TRUE,"P","paragraph","exclude_RegimeRepeatedReading",1,"standard_context",1,0,1,1
"34",34,0,0.0162423272582654,"Gathering",1,"nonlinear",TRUE,"P","paragraph","exclude_RegimeRepeatedReading",1,"standard_context",1,0,1,1
"35",35,0,0.000385669218359308,"Gathering",1,"nonlinear",TRUE,"P","paragraph","exclude_RegimeRepeatedReading",1,"standard_context",1,0,1,1
"36",36,0,0.0465881025952616,"Gathering",1,"nonlinear",TRUE,"P","paragraph","exclude_RegimeRepeatedReading",1,"standard_context",1,0,1,1
"37",37,0,0.000926459671589053,"Gathering",1,"nonlinear",TRUE,"P","paragraph","exclude_RegimeRepeatedReading",1,"standard_context",1,0,1,1
"38",38,0,3.0309848367549e-05,"Gathering",1,"nonlinear",TRUE,"P","paragraph","exclude_RegimeRepeatedReading",1,"standard_context",1,0,1,1
"39",39,0,0.00368538603609075,"Gathering",1,"nonlinear",TRUE,"P","paragraph","exclude_RegimeRepeatedReading",1,"standard_context",1,0,1,1
"40",40,0,0.00081907432316064,"Gathering",1,"nonlinear",TRUE,"P","paragraph","exclude_RegimeRepeatedReading",1,"standard_context",1,0,1,1
"41",41,1.89470198089606e-80,1.03560211933248e-22,"Hunting",0,"linear",TRUE,"P","paragraph","exclude_RegimeRepeatedReading",1,"standard_context",1,0,1,1
"42",42,2.25178521283916e-85,5.79527977227418e-26,"Hunting",0,"linear",TRUE,"P","paragraph","exclude_RegimeRepeatedReading",1,"standard_context",1,0,1,1
"43",43,1.70710626123225e-89,4.1858554947295e-16,"Hunting",0,"linear",TRUE,"P","paragraph","exclude_RegimeRepeatedReading",1,"standard_context",1,0,1,1
"44",44,4.12378229802803e-87,2.22604767930538e-16,"Hunting",0,"linear",TRUE,"P","paragraph","exclude_RegimeRepeatedReading",1,"standard_context",1,0,1,1
"45",45,1.03630642385103e-85,3.50462321324667e-25,"Hunting",0,"linear",TRUE,"P","paragraph","exclude_RegimeRepeatedReading",1,"standard_context",1,0,1,1
"46",46,5.95275585514722e-91,1.02353575474938e-28,"Hunting",0,"linear",TRUE,"P","paragraph","exclude_RegimeRepeatedReading",1,"standard_context",1,0,1,1
"47",47,2.45236030169849e-80,2.09782193122802e-24,"Hunting",0,"linear",TRUE,"P","paragraph","exclude_RegimeRepeatedReading",1,"standard_context",1,0,1,1
"48",48,2.63552978276781e-93,1.456095082674e-25,"Hunting",0,"linear",TRUE,"P","paragraph","exclude_RegimeRepeatedReading",1,"standard_context",1,0,1,1
"49",49,2.94027605055559e-87,1.07566995505023e-22,"Hunting",0,"linear",TRUE,"P","paragraph","exclude_RegimeRepeatedReading",1,"standard_context",1,0,1,1
"50",50,1.3413446603603e-79,1.29423484648997e-20,"Hunting",0,"linear",TRUE,"P","paragraph","exclude_RegimeRepeatedReading",1,"standard_context",1,0,1,1
"51",51,0,0,"Hunting",0,"nonlinear",TRUE,"P","paragraph","exclude_RegimeRepeatedReading",1,"standard_context",1,0,1,1
"52",52,0,0,"Hunting",0,"nonlinear",TRUE,"P","paragraph","exclude_RegimeRepeatedReading",1,"standard_context",1,0,1,1
"53",53,0,0,"Hunting",0,"nonlinear",TRUE,"P","paragraph","exclude_RegimeRepeatedReading",1,"standard_context",1,0,1,1
"54",54,0,0,"Hunting",0,"nonlinear",TRUE,"P","paragraph","exclude_RegimeRepeatedReading",1,"standard_context",1,0,1,1
"55",55,0,0,"Hunting",0,"nonlinear",TRUE,"P","paragraph","exclude_RegimeRepeatedReading",1,"standard_context",1,0,1,1
"56",56,0,0,"Hunting",0,"nonlinear",TRUE,"P","paragraph","exclude_RegimeRepeatedReading",1,"standard_context",1,0,1,1
"57",57,0,0,"Hunting",0,"nonlinear",TRUE,"P","paragraph","exclude_RegimeRepeatedReading",1,"standard_context",1,0,1,1
"58",58,0,0,"Hunting",0,"nonlinear",TRUE,"P","paragraph","exclude_RegimeRepeatedReading",1,"standard_context",1,0,1,1
"59",59,0,0,"Hunting",0,"nonlinear",TRUE,"P","paragraph","exclude_RegimeRepeatedReading",1,"standard_context",1,0,1,1
"60",60,0,0,"Hunting",0,"nonlinear",TRUE,"P","paragraph","exclude_RegimeRepeatedReading",1,"standard_context",1,0,1,1
"61",61,0.000339029410030095,0.352676878849606,"Hunting",1,"linear",TRUE,"P","paragraph","exclude_RegimeRepeatedReading",1,"standard_context",1,0,1,1
"62",62,1.04632088041585e-05,0.520643968162799,"Hunting",1,"linear",TRUE,"P","paragraph","exclude_RegimeRepeatedReading",1,"standard_context",1,0,1,1
"63",63,0.00185257315378078,0.990884829535818,"Hunting",1,"linear",TRUE,"P","paragraph","exclude_RegimeRepeatedReading",1,"standard_context",1,0,1,1
"64",64,0.000171681446917814,0.803647744380615,"Hunting",1,"linear",TRUE,"P","paragraph","exclude_RegimeRepeatedReading",1,"standard_context",1,0,1,1
"65",65,5.93502445013743e-08,0.783852337582606,"Hunting",1,"linear",TRUE,"P","paragraph","exclude_RegimeRepeatedReading",1,"standard_context",1,0,1,1
"66",66,1.05667441771409e-08,0.359352479159868,"Hunting",1,"linear",TRUE,"P","paragraph","exclude_RegimeRepeatedReading",1,"standard_context",1,0,1,1
"67",67,4.93343762283082e-05,0.67519353394639,"Hunting",1,"linear",TRUE,"P","paragraph","exclude_RegimeRepeatedReading",1,"standard_context",1,0,1,1
"68",68,0.0226213933771913,0.064112068356098,"Hunting",1,"linear",TRUE,"P","paragraph","exclude_RegimeRepeatedReading",1,"standard_context",1,0,1,1
"69",69,5.7171514132178e-05,0.716862639258554,"Hunting",1,"linear",TRUE,"P","paragraph","exclude_RegimeRepeatedReading",1,"standard_context",1,0,1,1
"70",70,7.97402460491383e-06,0.52274420888211,"Hunting",1,"linear",TRUE,"P","paragraph","exclude_RegimeRepeatedReading",1,"standard_context",1,0,1,1
"71",71,0.000127215684877779,0.0651592689665011,"Hunting",1,"nonlinear",TRUE,"P","paragraph","exclude_RegimeRepeatedReading",1,"standard_context",1,0,1,1
"72",72,0.000992253445721958,0.613879470844146,"Hunting",1,"nonlinear",TRUE,"P","paragraph","exclude_RegimeRepeatedReading",1,"standard_context",1,0,1,1
"73",73,1.74750840185034e-05,0.199588111412577,"Hunting",1,"nonlinear",TRUE,"P","paragraph","exclude_RegimeRepeatedReading",1,"standard_context",1,0,1,1
"74",74,0.00260981930078441,0.00560334397814,"Hunting",1,"nonlinear",TRUE,"P","paragraph","exclude_RegimeRepeatedReading",1,"standard_context",1,0,1,1
"75",75,1.93092123307315e-06,0.00206023670250477,"Hunting",1,"nonlinear",TRUE,"P","paragraph","exclude_RegimeRepeatedReading",1,"standard_context",1,0,1,1
"76",76,6.76199029991942e-07,0.0386793453108007,"Hunting",1,"nonlinear",TRUE,"P","paragraph","exclude_RegimeRepeatedReading",1,"standard_context",1,0,1,1
"77",77,1.81806592994826e-05,0.0164132964205234,"Hunting",1,"nonlinear",TRUE,"P","paragraph","exclude_RegimeRepeatedReading",1,"standard_context",1,0,1,1
"78",78,0.000393687018770683,0.388997576288245,"Hunting",1,"nonlinear",TRUE,"P","paragraph","exclude_RegimeRepeatedReading",1,"standard_context",1,0,1,1
"79",79,0,0.0154287175989453,"Hunting",1,"nonlinear",TRUE,"P","paragraph","exclude_RegimeRepeatedReading",1,"standard_context",1,0,1,1
"80",80,0.00744721869748244,0.00932094018946361,"Hunting",1,"nonlinear",TRUE,"P","paragraph","exclude_RegimeRepeatedReading",1,"standard_context",1,0,1,1
"81",21,3.27228206555027e-102,6.61589033248277e-30,"Hunting",0,"linear",TRUE,"Q-P","paragraph","exclude_RegimeRepeatedReading",1,"regime_context",1,0,1,0
"82",22,4.11669974046988e-107,3.13188625068909e-26,"Hunting",0,"linear",TRUE,"Q-P","paragraph","exclude_RegimeRepeatedReading",1,"regime_context",1,0,1,0
"83",23,5.93460044431721e-97,9.65790863096569e-30,"Hunting",0,"linear",TRUE,"Q-P","paragraph","exclude_RegimeRepeatedReading",1,"regime_context",1,0,1,0
"84",24,7.66163769946319e-87,3.43366002181466e-19,"Hunting",0,"linear",TRUE,"Q-P","paragraph","exclude_RegimeRepeatedReading",1,"regime_context",1,0,1,0
"85",25,1.53555795248252e-110,5.5588191059655e-26,"Hunting",0,"linear",TRUE,"Q-P","paragraph","exclude_RegimeRepeatedReading",1,"regime_context",1,0,1,0
"86",26,2.65344721528859e-101,4.77089322106033e-21,"Hunting",0,"linear",TRUE,"Q-P","paragraph","exclude_RegimeRepeatedReading",1,"regime_context",1,0,1,0
"87",27,1.63218767667952e-108,2.35859566822568e-24,"Hunting",0,"linear",TRUE,"Q-P","paragraph","exclude_RegimeRepeatedReading",1,"regime_context",1,0,1,0
"88",28,2.21447073950478e-101,8.12987340638255e-32,"Hunting",0,"linear",TRUE,"Q-P","paragraph","exclude_RegimeRepeatedReading",1,"regime_context",1,0,1,0
"89",29,1.23508291997291e-89,8.35698491439003e-29,"Hunting",0,"linear",TRUE,"Q-P","paragraph","exclude_RegimeRepeatedReading",1,"regime_context",1,0,1,0
"90",30,1.5483092545105e-85,2.8438310054014e-23,"Hunting",0,"linear",TRUE,"Q-P","paragraph","exclude_RegimeRepeatedReading",1,"regime_context",1,0,1,0
"91",31,0,0,"Hunting",0,"nonlinear",TRUE,"Q-P","paragraph","exclude_RegimeRepeatedReading",1,"regime_context",1,0,1,0
"92",32,0,0,"Hunting",0,"nonlinear",TRUE,"Q-P","paragraph","exclude_RegimeRepeatedReading",1,"regime_context",1,0,1,0
"93",33,0,0,"Hunting",0,"nonlinear",TRUE,"Q-P","paragraph","exclude_RegimeRepeatedReading",1,"regime_context",1,0,1,0
"94",34,0,0,"Hunting",0,"nonlinear",TRUE,"Q-P","paragraph","exclude_RegimeRepeatedReading",1,"regime_context",1,0,1,0
"95",35,0,0,"Hunting",0,"nonlinear",TRUE,"Q-P","paragraph","exclude_RegimeRepeatedReading",1,"regime_context",1,0,1,0
"96",36,0,0,"Hunting",0,"nonlinear",TRUE,"Q-P","paragraph","exclude_RegimeRepeatedReading",1,"regime_context",1,0,1,0
"97",37,0,0,"Hunting",0,"nonlinear",TRUE,"Q-P","paragraph","exclude_RegimeRepeatedReading",1,"regime_context",1,0,1,0
"98",38,0,0,"Hunting",0,"nonlinear",TRUE,"Q-P","paragraph","exclude_RegimeRepeatedReading",1,"regime_context",1,0,1,0
"99",39,0,0,"Hunting",0,"nonlinear",TRUE,"Q-P","paragraph","exclude_RegimeRepeatedReading",1,"regime_context",1,0,1,0
"100",40,0,0,"Hunting",0,"nonlinear",TRUE,"Q-P","paragraph","exclude_RegimeRepeatedReading",1,"regime_context",1,0,1,0
"101",1,7.0632907892272e-116,1.86385522985413e-23,"Gathering",0,"linear",TRUE,"instFirstReadP-P","paragraph","exclude_RegimeRepeatedReading",1,"prompt_regime_context",1,0,1,0
"102",2,2.53088911728946e-133,6.7769861508269e-16,"Gathering",0,"linear",TRUE,"instFirstReadP-P","paragraph","exclude_RegimeRepeatedReading",1,"prompt_regime_context",1,0,1,0
"103",3,1.44052855697034e-123,4.97888857673414e-22,"Gathering",0,"linear",TRUE,"instFirstReadP-P","paragraph","exclude_RegimeRepeatedReading",1,"prompt_regime_context",1,0,1,0
"104",4,1.1674313307175e-141,3.569708874687e-15,"Gathering",0,"linear",TRUE,"instFirstReadP-P","paragraph","exclude_RegimeRepeatedReading",1,"prompt_regime_context",1,0,1,0
"105",5,1.984439056383e-138,3.21203203241355e-17,"Gathering",0,"linear",TRUE,"instFirstReadP-P","paragraph","exclude_RegimeRepeatedReading",1,"prompt_regime_context",1,0,1,0
"106",6,5.7737653362179e-136,2.02267203491613e-27,"Gathering",0,"linear",TRUE,"instFirstReadP-P","paragraph","exclude_RegimeRepeatedReading",1,"prompt_regime_context",1,0,1,0
"107",7,1.76179651281542e-132,1.19625903175469e-19,"Gathering",0,"linear",TRUE,"instFirstReadP-P","paragraph","exclude_RegimeRepeatedReading",1,"prompt_regime_context",1,0,1,0
"108",8,2.54572289531966e-139,7.72861668417186e-19,"Gathering",0,"linear",TRUE,"instFirstReadP-P","paragraph","exclude_RegimeRepeatedReading",1,"prompt_regime_context",1,0,1,0
"109",9,1.47940891202418e-138,3.11061486245511e-21,"Gathering",0,"linear",TRUE,"instFirstReadP-P","paragraph","exclude_RegimeRepeatedReading",1,"prompt_regime_context",1,0,1,0
"110",10,2.20317171647017e-122,7.41360066018633e-18,"Gathering",0,"linear",TRUE,"instFirstReadP-P","paragraph","exclude_RegimeRepeatedReading",1,"prompt_regime_context",1,0,1,0
"111",11,0,0,"Gathering",0,"nonlinear",TRUE,"instFirstReadP-P","paragraph","exclude_RegimeRepeatedReading",1,"prompt_regime_context",1,0,1,0
"112",12,0,0,"Gathering",0,"nonlinear",TRUE,"instFirstReadP-P","paragraph","exclude_RegimeRepeatedReading",1,"prompt_regime_context",1,0,1,0
"113",13,0,0,"Gathering",0,"nonlinear",TRUE,"instFirstReadP-P","paragraph","exclude_RegimeRepeatedReading",1,"prompt_regime_context",1,0,1,0
"114",14,0,0,"Gathering",0,"nonlinear",TRUE,"instFirstReadP-P","paragraph","exclude_RegimeRepeatedReading",1,"prompt_regime_context",1,0,1,0
"115",15,0,0,"Gathering",0,"nonlinear",TRUE,"instFirstReadP-P","paragraph","exclude_RegimeRepeatedReading",1,"prompt_regime_context",1,0,1,0
"116",16,0,0,"Gathering",0,"nonlinear",TRUE,"instFirstReadP-P","paragraph","exclude_RegimeRepeatedReading",1,"prompt_regime_context",1,0,1,0
"117",17,0,0,"Gathering",0,"nonlinear",TRUE,"instFirstReadP-P","paragraph","exclude_RegimeRepeatedReading",1,"prompt_regime_context",1,0,1,0
"118",18,0,0,"Gathering",0,"nonlinear",TRUE,"instFirstReadP-P","paragraph","exclude_RegimeRepeatedReading",1,"prompt_regime_context",1,0,1,0
"119",19,0,0,"Gathering",0,"nonlinear",TRUE,"instFirstReadP-P","paragraph","exclude_RegimeRepeatedReading",1,"prompt_regime_context",1,0,1,0
"120",20,0,0,"Gathering",0,"nonlinear",TRUE,"instFirstReadP-P","paragraph","exclude_RegimeRepeatedReading",1,"prompt_regime_context",1,0,1,0
"121",21,2.75765550035349e-103,1.94547080668709e-22,"Hunting",0,"linear",TRUE,"instFirstReadP-Q-P","paragraph","exclude_RegimeRepeatedReading",1,"prompt_regime_context",1,0,1,0
"122",22,2.13133232182884e-112,8.17185652604603e-23,"Hunting",0,"linear",TRUE,"instFirstReadP-Q-P","paragraph","exclude_RegimeRepeatedReading",1,"prompt_regime_context",1,0,1,0
"123",23,4.02782029224418e-115,1.4795583111407e-22,"Hunting",0,"linear",TRUE,"instFirstReadP-Q-P","paragraph","exclude_RegimeRepeatedReading",1,"prompt_regime_context",1,0,1,0
"124",24,1.93280232561469e-106,1.3751187609966e-21,"Hunting",0,"linear",TRUE,"instFirstReadP-Q-P","paragraph","exclude_RegimeRepeatedReading",1,"prompt_regime_context",1,0,1,0
"125",25,2.41310337138286e-107,2.20657608919372e-22,"Hunting",0,"linear",TRUE,"instFirstReadP-Q-P","paragraph","exclude_RegimeRepeatedReading",1,"prompt_regime_context",1,0,1,0
"126",26,3.54628927070097e-101,1.31809709626706e-22,"Hunting",0,"linear",TRUE,"instFirstReadP-Q-P","paragraph","exclude_RegimeRepeatedReading",1,"prompt_regime_context",1,0,1,0
"127",27,8.24518367116661e-105,1.92325160518749e-26,"Hunting",0,"linear",TRUE,"instFirstReadP-Q-P","paragraph","exclude_RegimeRepeatedReading",1,"prompt_regime_context",1,0,1,0
"128",28,6.46127360748186e-99,5.44853461575897e-19,"Hunting",0,"linear",TRUE,"instFirstReadP-Q-P","paragraph","exclude_RegimeRepeatedReading",1,"prompt_regime_context",1,0,1,0
"129",29,4.63125071564554e-109,4.55539047264513e-21,"Hunting",0,"linear",TRUE,"instFirstReadP-Q-P","paragraph","exclude_RegimeRepeatedReading",1,"prompt_regime_context",1,0,1,0
"130",30,3.01578885584369e-107,3.47444207265599e-21,"Hunting",0,"linear",TRUE,"instFirstReadP-Q-P","paragraph","exclude_RegimeRepeatedReading",1,"prompt_regime_context",1,0,1,0
"131",31,0,0,"Hunting",0,"nonlinear",TRUE,"instFirstReadP-Q-P","paragraph","exclude_RegimeRepeatedReading",1,"prompt_regime_context",1,0,1,0
"132",32,0,0,"Hunting",0,"nonlinear",TRUE,"instFirstReadP-Q-P","paragraph","exclude_RegimeRepeatedReading",1,"prompt_regime_context",1,0,1,0
"133",33,0,0,"Hunting",0,"nonlinear",TRUE,"instFirstReadP-Q-P","paragraph","exclude_RegimeRepeatedReading",1,"prompt_regime_context",1,0,1,0
"134",34,0,0,"Hunting",0,"nonlinear",TRUE,"instFirstReadP-Q-P","paragraph","exclude_RegimeRepeatedReading",1,"prompt_regime_context",1,0,1,0
"135",35,0,0,"Hunting",0,"nonlinear",TRUE,"instFirstReadP-Q-P","paragraph","exclude_RegimeRepeatedReading",1,"prompt_regime_context",1,0,1,0
"136",36,0,0,"Hunting",0,"nonlinear",TRUE,"instFirstReadP-Q-P","paragraph","exclude_RegimeRepeatedReading",1,"prompt_regime_context",1,0,1,0
"137",37,0,0,"Hunting",0,"nonlinear",TRUE,"instFirstReadP-Q-P","paragraph","exclude_RegimeRepeatedReading",1,"prompt_regime_context",1,0,1,0
"138",38,0,0,"Hunting",0,"nonlinear",TRUE,"instFirstReadP-Q-P","paragraph","exclude_RegimeRepeatedReading",1,"prompt_regime_context",1,0,1,0
"139",39,0,0,"Hunting",0,"nonlinear",TRUE,"instFirstReadP-Q-P","paragraph","exclude_RegimeRepeatedReading",1,"prompt_regime_context",1,0,1,0
"140",40,0,0,"Hunting",0,"nonlinear",TRUE,"instFirstReadP-Q-P","paragraph","exclude_RegimeRepeatedReading",1,"prompt_regime_context",1,0,1,0
"141",1,0.0286086080702578,0.0661548688835103,"Gathering",1,"linear",TRUE,"P-P","paragraph","only_RegimeRepeatedReading",1,"regime_context",0,1,1,0
"142",2,0.00384626676327501,0.529307163119146,"Gathering",1,"linear",TRUE,"P-P","paragraph","only_RegimeRepeatedReading",1,"regime_context",0,1,1,0
"143",3,0.00140429575885846,0.797130931638326,"Gathering",1,"linear",TRUE,"P-P","paragraph","only_RegimeRepeatedReading",1,"regime_context",0,1,1,0
"144",4,0.00135261494522477,0.759559632525752,"Gathering",1,"linear",TRUE,"P-P","paragraph","only_RegimeRepeatedReading",1,"regime_context",0,1,1,0
"145",5,0.0165353547618064,0.694064532874823,"Gathering",1,"linear",TRUE,"P-P","paragraph","only_RegimeRepeatedReading",1,"regime_context",0,1,1,0
"146",6,0.000887703523970416,0.420364646765835,"Gathering",1,"linear",TRUE,"P-P","paragraph","only_RegimeRepeatedReading",1,"regime_context",0,1,1,0
"147",7,2.44234356718118e-06,0.512529211871789,"Gathering",1,"linear",TRUE,"P-P","paragraph","only_RegimeRepeatedReading",1,"regime_context",0,1,1,0
"148",8,0.00346595881665394,0.604372123617531,"Gathering",1,"linear",TRUE,"P-P","paragraph","only_RegimeRepeatedReading",1,"regime_context",0,1,1,0
"149",9,6.20809939794762e-05,0.138899700989183,"Gathering",1,"linear",TRUE,"P-P","paragraph","only_RegimeRepeatedReading",1,"regime_context",0,1,1,0
"150",10,0.00229266562960906,0.674346377811169,"Gathering",1,"linear",TRUE,"P-P","paragraph","only_RegimeRepeatedReading",1,"regime_context",0,1,1,0
"151",11,0.0539751595545863,0.00318378197716723,"Gathering",1,"nonlinear",TRUE,"P-P","paragraph","only_RegimeRepeatedReading",1,"regime_context",0,1,1,0
"152",12,0.816069981935893,7.50510865232812e-07,"Gathering",1,"nonlinear",TRUE,"P-P","paragraph","only_RegimeRepeatedReading",1,"regime_context",0,1,1,0
"153",13,0.335314803069327,1.75156686705868e-05,"Gathering",1,"nonlinear",TRUE,"P-P","paragraph","only_RegimeRepeatedReading",1,"regime_context",0,1,1,0
"154",14,0.639801439384625,0.000728310546919797,"Gathering",1,"nonlinear",TRUE,"P-P","paragraph","only_RegimeRepeatedReading",1,"regime_context",0,1,1,0
"155",15,0.165807393152043,0.00068532575151331,"Gathering",1,"nonlinear",TRUE,"P-P","paragraph","only_RegimeRepeatedReading",1,"regime_context",0,1,1,0
"156",16,0.0422532860561015,0.00665811827535701,"Gathering",1,"nonlinear",TRUE,"P-P","paragraph","only_RegimeRepeatedReading",1,"regime_context",0,1,1,0
"157",17,0.162373285499909,2.08720121990247e-05,"Gathering",1,"nonlinear",TRUE,"P-P","paragraph","only_RegimeRepeatedReading",1,"regime_context",0,1,1,0
"158",18,0.00409643738493903,0.11681564582706,"Gathering",1,"nonlinear",TRUE,"P-P","paragraph","only_RegimeRepeatedReading",1,"regime_context",0,1,1,0
"159",19,0.629197444719904,0,"Gathering",1,"nonlinear",TRUE,"P-P","paragraph","only_RegimeRepeatedReading",1,"regime_context",0,1,1,0
"160",20,0.404730350682071,0.00021304995966942,"Gathering",1,"nonlinear",TRUE,"P-P","paragraph","only_RegimeRepeatedReading",1,"regime_context",0,1,1,0
"161",21,0.439576900211018,0.790245799837545,"Hunting",1,"linear",TRUE,"Qfr-P-Q-P","paragraph","only_RegimeRepeatedReading",1,"regime_context",0,1,1,0
"162",22,0.697494269533711,0.898342515345787,"Hunting",1,"linear",TRUE,"Qfr-P-Q-P","paragraph","only_RegimeRepeatedReading",1,"regime_context",0,1,1,0
"163",23,0.66757903593283,0.821387190342288,"Hunting",1,"linear",TRUE,"Qfr-P-Q-P","paragraph","only_RegimeRepeatedReading",1,"regime_context",0,1,1,0
"164",24,0.610860450865925,0.628964771660823,"Hunting",1,"linear",TRUE,"Qfr-P-Q-P","paragraph","only_RegimeRepeatedReading",1,"regime_context",0,1,1,0
"165",25,0.382702678729278,0.786957811619161,"Hunting",1,"linear",TRUE,"Qfr-P-Q-P","paragraph","only_RegimeRepeatedReading",1,"regime_context",0,1,1,0
"166",26,0.850034304729053,0.213707259198858,"Hunting",1,"linear",TRUE,"Qfr-P-Q-P","paragraph","only_RegimeRepeatedReading",1,"regime_context",0,1,1,0
"167",27,0.653582525740954,0.754234380781725,"Hunting",1,"linear",TRUE,"Qfr-P-Q-P","paragraph","only_RegimeRepeatedReading",1,"regime_context",0,1,1,0
"168",28,0.696964092529754,0.438124876010602,"Hunting",1,"linear",TRUE,"Qfr-P-Q-P","paragraph","only_RegimeRepeatedReading",1,"regime_context",0,1,1,0
"169",29,0.0511500055424635,0.598985886901268,"Hunting",1,"linear",TRUE,"Qfr-P-Q-P","paragraph","only_RegimeRepeatedReading",1,"regime_context",0,1,1,0
"170",30,0.953066077864681,0.360193499499528,"Hunting",1,"linear",TRUE,"Qfr-P-Q-P","paragraph","only_RegimeRepeatedReading",1,"regime_context",0,1,1,0
"171",31,0.225207771138696,0.0288482943505548,"Hunting",1,"nonlinear",TRUE,"Qfr-P-Q-P","paragraph","only_RegimeRepeatedReading",1,"regime_context",0,1,1,0
"172",32,0.568292799019132,0.208196204735179,"Hunting",1,"nonlinear",TRUE,"Qfr-P-Q-P","paragraph","only_RegimeRepeatedReading",1,"regime_context",0,1,1,0
"173",33,0.0951982857641582,0.316259353100775,"Hunting",1,"nonlinear",TRUE,"Qfr-P-Q-P","paragraph","only_RegimeRepeatedReading",1,"regime_context",0,1,1,0
"174",34,0.208209606323217,0.391215253471269,"Hunting",1,"nonlinear",TRUE,"Qfr-P-Q-P","paragraph","only_RegimeRepeatedReading",1,"regime_context",0,1,1,0
"175",35,0.316617390386818,0.523202455273009,"Hunting",1,"nonlinear",TRUE,"Qfr-P-Q-P","paragraph","only_RegimeRepeatedReading",1,"regime_context",0,1,1,0
"176",36,0.732660340397438,0.0706411442574469,"Hunting",1,"nonlinear",TRUE,"Qfr-P-Q-P","paragraph","only_RegimeRepeatedReading",1,"regime_context",0,1,1,0
"177",37,0.190867892503713,0.110797439471351,"Hunting",1,"nonlinear",TRUE,"Qfr-P-Q-P","paragraph","only_RegimeRepeatedReading",1,"regime_context",0,1,1,0
"178",38,0.395100544221098,0.594196131973707,"Hunting",1,"nonlinear",TRUE,"Qfr-P-Q-P","paragraph","only_RegimeRepeatedReading",1,"regime_context",0,1,1,0
"179",39,0.533765566069723,0.31417796557297,"Hunting",1,"nonlinear",TRUE,"Qfr-P-Q-P","paragraph","only_RegimeRepeatedReading",1,"regime_context",0,1,1,0
"180",40,0.678673924398384,0.021425469114734,"Hunting",1,"nonlinear",TRUE,"Qfr-P-Q-P","paragraph","only_RegimeRepeatedReading",1,"regime_context",0,1,1,0
"181",21,0.499776000632421,0.634889280810499,"Hunting",1,"linear",TRUE,"instFirstReadP-Qfr-P-instReReadP-Q-P","paragraph","only_RegimeRepeatedReading",1,"prompt_regime_context",0,1,1,0
"182",22,0.6307795982968,0.546120751922727,"Hunting",1,"linear",TRUE,"instFirstReadP-Qfr-P-instReReadP-Q-P","paragraph","only_RegimeRepeatedReading",1,"prompt_regime_context",0,1,1,0
"183",23,0.521959035485945,0.693241705171685,"Hunting",1,"linear",TRUE,"instFirstReadP-Qfr-P-instReReadP-Q-P","paragraph","only_RegimeRepeatedReading",1,"prompt_regime_context",0,1,1,0
"184",24,0.383293256419577,0.888158568101758,"Hunting",1,"linear",TRUE,"instFirstReadP-Qfr-P-instReReadP-Q-P","paragraph","only_RegimeRepeatedReading",1,"prompt_regime_context",0,1,1,0
"185",25,0.849299246394642,0.111023066543939,"Hunting",1,"linear",TRUE,"instFirstReadP-Qfr-P-instReReadP-Q-P","paragraph","only_RegimeRepeatedReading",1,"prompt_regime_context",0,1,1,0
"186",26,0.495893471533548,0.641670956707215,"Hunting",1,"linear",TRUE,"instFirstReadP-Qfr-P-instReReadP-Q-P","paragraph","only_RegimeRepeatedReading",1,"prompt_regime_context",0,1,1,0
"187",27,0.282536421758544,0.52500449169035,"Hunting",1,"linear",TRUE,"instFirstReadP-Qfr-P-instReReadP-Q-P","paragraph","only_RegimeRepeatedReading",1,"prompt_regime_context",0,1,1,0
"188",28,0.672973248113832,0.964192235202269,"Hunting",1,"linear",TRUE,"instFirstReadP-Qfr-P-instReReadP-Q-P","paragraph","only_RegimeRepeatedReading",1,"prompt_regime_context",0,1,1,0
"189",29,0.100121601946243,0.673275097552674,"Hunting",1,"linear",TRUE,"instFirstReadP-Qfr-P-instReReadP-Q-P","paragraph","only_RegimeRepeatedReading",1,"prompt_regime_context",0,1,1,0
"190",30,0.507323502388294,0.190473275067446,"Hunting",1,"linear",TRUE,"instFirstReadP-Qfr-P-instReReadP-Q-P","paragraph","only_RegimeRepeatedReading",1,"prompt_regime_context",0,1,1,0
"191",31,0.244297797391584,0.000836970331159148,"Hunting",1,"nonlinear",TRUE,"instFirstReadP-Qfr-P-instReReadP-Q-P","paragraph","only_RegimeRepeatedReading",1,"prompt_regime_context",0,1,1,0
"192",32,0.07752994300198,0.216726440139498,"Hunting",1,"nonlinear",TRUE,"instFirstReadP-Qfr-P-instReReadP-Q-P","paragraph","only_RegimeRepeatedReading",1,"prompt_regime_context",0,1,1,0
"193",33,0.188981320467641,0.356601084480404,"Hunting",1,"nonlinear",TRUE,"instFirstReadP-Qfr-P-instReReadP-Q-P","paragraph","only_RegimeRepeatedReading",1,"prompt_regime_context",0,1,1,0
"194",34,0.127244581772592,0.0423117484102715,"Hunting",1,"nonlinear",TRUE,"instFirstReadP-Qfr-P-instReReadP-Q-P","paragraph","only_RegimeRepeatedReading",1,"prompt_regime_context",0,1,1,0
"195",35,0.272941071359425,0.0161111425052958,"Hunting",1,"nonlinear",TRUE,"instFirstReadP-Qfr-P-instReReadP-Q-P","paragraph","only_RegimeRepeatedReading",1,"prompt_regime_context",0,1,1,0
"196",36,0.463912411313736,0.236206560469486,"Hunting",1,"nonlinear",TRUE,"instFirstReadP-Qfr-P-instReReadP-Q-P","paragraph","only_RegimeRepeatedReading",1,"prompt_regime_context",0,1,1,0
"197",37,0.599201667455977,0.088417807254919,"Hunting",1,"nonlinear",TRUE,"instFirstReadP-Qfr-P-instReReadP-Q-P","paragraph","only_RegimeRepeatedReading",1,"prompt_regime_context",0,1,1,0
"198",38,0.812253860064245,0.256706592796343,"Hunting",1,"nonlinear",TRUE,"instFirstReadP-Qfr-P-instReReadP-Q-P","paragraph","only_RegimeRepeatedReading",1,"prompt_regime_context",0,1,1,0
"199",39,0.322324720031023,0.0121376269606467,"Hunting",1,"nonlinear",TRUE,"instFirstReadP-Qfr-P-instReReadP-Q-P","paragraph","only_RegimeRepeatedReading",1,"prompt_regime_context",0,1,1,0
"200",40,0.288071193016357,0.485292750021638,"Hunting",1,"nonlinear",TRUE,"instFirstReadP-Qfr-P-instReReadP-Q-P","paragraph","only_RegimeRepeatedReading",1,"prompt_regime_context",0,1,1,0
"201",1,2.608858199359e-07,0.579389987603919,"Gathering",1,"linear",TRUE,"instFirstReadP-P-instReReadP-P","paragraph","only_RegimeRepeatedReading",1,"prompt_regime_context",0,1,1,0
"202",2,0.000179963163856596,0.677520893289368,"Gathering",1,"linear",TRUE,"instFirstReadP-P-instReReadP-P","paragraph","only_RegimeRepeatedReading",1,"prompt_regime_context",0,1,1,0
"203",3,9.25428086357671e-06,0.164056539657204,"Gathering",1,"linear",TRUE,"instFirstReadP-P-instReReadP-P","paragraph","only_RegimeRepeatedReading",1,"prompt_regime_context",0,1,1,0
"204",4,0.000383285328552895,0.977131366042384,"Gathering",1,"linear",TRUE,"instFirstReadP-P-instReReadP-P","paragraph","only_RegimeRepeatedReading",1,"prompt_regime_context",0,1,1,0
"205",5,1.74522464567047e-06,0.502494346867214,"Gathering",1,"linear",TRUE,"instFirstReadP-P-instReReadP-P","paragraph","only_RegimeRepeatedReading",1,"prompt_regime_context",0,1,1,0
"206",6,0.000120925842299965,0.46506531994448,"Gathering",1,"linear",TRUE,"instFirstReadP-P-instReReadP-P","paragraph","only_RegimeRepeatedReading",1,"prompt_regime_context",0,1,1,0
"207",7,2.83344371915063e-05,0.892797475602762,"Gathering",1,"linear",TRUE,"instFirstReadP-P-instReReadP-P","paragraph","only_RegimeRepeatedReading",1,"prompt_regime_context",0,1,1,0
"208",8,7.97282853382922e-12,0.750989552964692,"Gathering",1,"linear",TRUE,"instFirstReadP-P-instReReadP-P","paragraph","only_RegimeRepeatedReading",1,"prompt_regime_context",0,1,1,0
"209",9,1.20443008140747e-07,0.933925140472432,"Gathering",1,"linear",TRUE,"instFirstReadP-P-instReReadP-P","paragraph","only_RegimeRepeatedReading",1,"prompt_regime_context",0,1,1,0
"210",10,6.23511467250646e-05,0.850708402338254,"Gathering",1,"linear",TRUE,"instFirstReadP-P-instReReadP-P","paragraph","only_RegimeRepeatedReading",1,"prompt_regime_context",0,1,1,0
"211",11,0.00245363169333623,0.000792632376791835,"Gathering",1,"nonlinear",TRUE,"instFirstReadP-P-instReReadP-P","paragraph","only_RegimeRepeatedReading",1,"prompt_regime_context",0,1,1,0
"212",12,0.00908391511487283,2.66669857907909e-05,"Gathering",1,"nonlinear",TRUE,"instFirstReadP-P-instReReadP-P","paragraph","only_RegimeRepeatedReading",1,"prompt_regime_context",0,1,1,0
"213",13,0.00198658298581861,0.0015050886038302,"Gathering",1,"nonlinear",TRUE,"instFirstReadP-P-instReReadP-P","paragraph","only_RegimeRepeatedReading",1,"prompt_regime_context",0,1,1,0
"214",14,0.179911011512749,0.000278024519381637,"Gathering",1,"nonlinear",TRUE,"instFirstReadP-P-instReReadP-P","paragraph","only_RegimeRepeatedReading",1,"prompt_regime_context",0,1,1,0
"215",15,0.0298221009263887,6.20109564087867e-05,"Gathering",1,"nonlinear",TRUE,"instFirstReadP-P-instReReadP-P","paragraph","only_RegimeRepeatedReading",1,"prompt_regime_context",0,1,1,0
"216",16,4.46343620880141e-06,0.00275402949267445,"Gathering",1,"nonlinear",TRUE,"instFirstReadP-P-instReReadP-P","paragraph","only_RegimeRepeatedReading",1,"prompt_regime_context",0,1,1,0
"217",17,0.00931118458285674,1.00816344383858e-06,"Gathering",1,"nonlinear",TRUE,"instFirstReadP-P-instReReadP-P","paragraph","only_RegimeRepeatedReading",1,"prompt_regime_context",0,1,1,0
"218",18,0.0253440548937008,0.000144231007477957,"Gathering",1,"nonlinear",TRUE,"instFirstReadP-P-instReReadP-P","paragraph","only_RegimeRepeatedReading",1,"prompt_regime_context",0,1,1,0
"219",19,1.87844779676039e-05,0.0191710245266569,"Gathering",1,"nonlinear",TRUE,"instFirstReadP-P-instReReadP-P","paragraph","only_RegimeRepeatedReading",1,"prompt_regime_context",0,1,1,0
"220",20,0.0331991379529479,4.8146001345728e-05,"Gathering",1,"nonlinear",TRUE,"instFirstReadP-P-instReReadP-P","paragraph","only_RegimeRepeatedReading",1,"prompt_regime_context",0,1,1,0
